{
  "posture_classes": [
    "good-form",
    "hips-high",
    "hips-sagging",
    "partial-rom"
  ],
  "mean": [
    0.21002981838521975,
    -0.012597600868383742,
    0.9683456599734906,
    0.17634020483573734,
    1.1392008499625985,
    0.9496813799078279
  ],
  "std": [
    0.2788689179258505,
    0.11287905247385777,
    0.28730744260394775,
    13.642031321723314,
    36.710716288881166,
    6.244813331362449
  ],
  "window_size": 50,
  "stride": 10,
  "sample_rate_hz": 40
}