{
  "posture_classes": [
    "good-form",
    "hips-high",
    "hips-sagging",
    "partial-rom"
  ],
  "mean": [
    -0.03174479370222903,
    0.02083979928059304,
    0.05792057603240711,
    0.1052310573344205,
    -0.03286612963703208,
    0.2116171041436743
  ],
  "std": [
    1.0673020584149846,
    1.2686258343537973,
    0.9577753765159384,
    1.6080057213009575,
    1.0319275489815067,
    1.4620289630621623
  ],
  "window_size": 50,
  "stride": 10,
  "sample_rate_hz": 40
}