{
    "mean": [
        0.5408033083196272,
        0.32900583367598685,
        0.49756270559210525,
        1.299851319710234,
        -0.6161175886499124,
        0.024165001748325792
    ],
    "std": [
        0.4391443151852503,
        0.35146379602399636,
        0.2542886946241483,
        28.78840837535021,
        21.548818392843355,
        22.036605220632804
    ]
}